{
  "decision_tree": {
    "0": {
      "precision": 1.0,
      "recall": 1.0,
      "f1-score": 1.0,
      "support": 10.0
    },
    "1": {
      "precision": 0.9,
      "recall": 0.9,
      "f1-score": 0.9,
      "support": 10.0
    },
    "2": {
      "precision": 0.9,
      "recall": 0.9,
      "f1-score": 0.9,
      "support": 10.0
    },
    "accuracy": 0.9333333333333333,
    "macro avg": {
      "precision": 0.9333333333333332,
      "recall": 0.9333333333333332,
      "f1-score": 0.9333333333333332,
      "support": 30.0
    },
    "weighted avg": {
      "precision": 0.9333333333333333,
      "recall": 0.9333333333333333,
      "f1-score": 0.9333333333333333,
      "support": 30.0
    }
  },
  "knn": {
    "0": {
      "precision": 1.0,
      "recall": 1.0,
      "f1-score": 1.0,
      "support": 10.0
    },
    "1": {
      "precision": 0.9090909090909091,
      "recall": 1.0,
      "f1-score": 0.9523809523809523,
      "support": 10.0
    },
    "2": {
      "precision": 1.0,
      "recall": 0.9,
      "f1-score": 0.9473684210526315,
      "support": 10.0
    },
    "accuracy": 0.9666666666666667,
    "macro avg": {
      "precision": 0.9696969696969697,
      "recall": 0.9666666666666667,
      "f1-score": 0.9665831244778613,
      "support": 30.0
    },
    "weighted avg": {
      "precision": 0.9696969696969696,
      "recall": 0.9666666666666667,
      "f1-score": 0.9665831244778613,
      "support": 30.0
    }
  }
}