year,month,total_sales,num_invoices
2010,12,498661.85000002483,1291
2011,1,442190.0600000174,874
2011,2,355655.63000001136,896
2011,3,467198.5900000188,1177
2011,4,409559.141000011,1058
2011,5,551568.8200000117,1403
2011,6,524915.480000023,1249
2011,7,485612.25100001134,1200
2011,8,498453.3200000136,1133
2011,9,796780.2720000183,1568
2011,10,824766.2199999955,1705
2011,11,980645.7499999936,2386
2011,12,472384.1700000044,706
